id	title	agency	due	naics	setaside	state	city	type
01cdf21d1adb4118b39f82927a5ba4a8	J061--TRIENNIAL ELECTRICAL MAINTENANCE FY26 AMENDMENT #3  Q&A RESPONSE, SCOPE UP	VETERANS AFFAIRS, DEPARTMENT OF	2026-10-27	238210	SDVOSBC	LA	New Orleans	k
0550ee6ca84d4b8e84486d2357d9b472	BASSIE SPRING IMPROVEMENT PROJECT	INTERIOR, DEPARTMENT OF THE	2026-10-26	238990	SBA			o
08164338450e4a1381c731f91cf0b4fa	Atlantic Intracoastal Waterway Maintenance Dredging	DEPT OF DEFENSE	2026-10-05	237990	SBA	NC		o
08aa75c89b75422a95293fc2a12563c0	Y--NGWSP Cutter Lateral Reach 21 Booster Plant	INTERIOR, DEPARTMENT OF THE	2026-10-30	237110	SBA			p
0d88e66563954dd3bb7f088e6b98bf76	J--E21 PRCA HVAC REPLACEMENT	INTERIOR, DEPARTMENT OF THE	2026-10-27	238220	SBA			o
1076d1857799483da9cb81835da932f2	4 GAOA Flaming Gorge Water System Buckboard in Ashley NF, Wyoming	AGRICULTURE, DEPARTMENT OF	2026-10-27	237110	SBA	WY		k
127aae2650554548a323d140be3baf06	GAOA Blanchard Springs Caverns Tunnel Rehabilitation in Ozark-St. Francis NF	AGRICULTURE, DEPARTMENT OF	2026-10-14	238990	SBA	AR	Fifty Six	k
192ff6c2e1b14e19abc02f7c7e57edaf	SOLICITATION NOTICE- Rochester, NY Courthouse Construction	GENERAL SERVICES ADMINISTRATION	2026-10-16	236220	SDVOSBC	NY	Rochester	o
1a1f23b419de4aa3896788fcd044e216	D.C. Metro Area Multiple Award Indefinite Quantity Indefinite Delivery (IDIQ) Co	GENERAL SERVICES ADMINISTRATION	2026-10-29	236220	SBA	DC	Washington	o
1b0fb8f37b094038bd076033fef4c019	Vehicle Maintenance Shop, Kadena Air Base	DEPT OF DEFENSE	2026-10-07	236220	NONE	JP-47	Kadena Air Base	r
1bf05c76187a4dddad8eceb918d8d451	Phase 2 Construct Arabian Leopard Exhibit at the National Zoological Park	SMITHSONIAN INSTITUTION	2026-11-13	236220	NONE	DC	Washington	o
22fbb1bdc374408582e4693b27edc98e	GAOA Trujillo Meadows Old Toilet Building Replacement RGNF	AGRICULTURE, DEPARTMENT OF	2026-10-07	332311	SBA	CO	Del Norte	k
24ec6cdb26e54371846c6d42064c8a54	Barkley Emergency Gate, Painting	DEPT OF DEFENSE	2026-10-14	238320	SDVOSBC	KY	Kuttawa	r
2ea0514ec536461eb08886f90bc56400	Y--GRAY WALL LIVESTOCK WATER WELL	INTERIOR, DEPARTMENT OF THE	2026-10-26	237110	SBA			k
316d19ef4c7941a78e094c57fa23706d	Design-Build Services for the Bridge of the Americas (BOTA) Land Port of Entry (	GENERAL SERVICES ADMINISTRATION	2026-10-15	236220	NONE	TX	El Paso	o
35f146c439fa4c40b787573b1055d857	Z--Folsom Warehouse Bridge Crane Replacement	INTERIOR, DEPARTMENT OF THE	2026-10-08	237990	SDVOSBC			o
38d97f11609848a08904a81fc82a1251	NAICS 237990 PSC Y1PZ--CONS: 909CM3030 Fort Custer NC - Cemetery Expansion and S	VETERANS AFFAIRS, DEPARTMENT OF	2026-10-06	237990	SDVOSBC	MI		o
395ef0f00f344e72a951b001cfb58bf9	W085--Portable Restroom and Hand Washing Station Service	VETERANS AFFAIRS, DEPARTMENT OF	2026-10-13	238990	SDVOSBC		Los Angeles	k
427b440cc9304711b3084f27cbee6247	Air Compressor Relocation	DEPT OF DEFENSE	2026-10-16	238210	SBA	DC	Washington	k
44644a5fd4044525be4031b22c69b61a	Joint Base MDL - Kitchen Exhaust Hood Maintenance	DEPT OF DEFENSE	2026-10-13	238220	8A	NJ		k
459138cd774548afa5f8b23e26eed220	Z2DA--589A7-23-306 Renovate Bldg. 5 & 5B for Mental Health FY27  NRM	VETERANS AFFAIRS, DEPARTMENT OF	2026-10-19	236220	SDVOSBC	KS	Wichita	o
475bce6244d94fdabc41442d9a629f45	Z2DA--589A5-27-176 REPLACE B1 SEWER LINES IN CRAWL SPACE|TOP	VETERANS AFFAIRS, DEPARTMENT OF	2026-10-15	236220	SDVOSBC	KS		r
4944c6c31282463a9ab47d67b90abfb8	BEJ Courtesy Dock Supply and Installation	DEPT OF DEFENSE	2026-10-09	237990	SBA			o
49d5801bfb064b1cbca65168d2921c33	J039--561A4-25-500 Elevator Upgrade & Modernization Repairs at VA  NJ HCS Lyons	VETERANS AFFAIRS, DEPARTMENT OF	2026-10-15	238290	SDVOSBC	NJ	Lyons	k
4f2c4cfea1b44f6fb9c55029d25dcd98	Amendment 0001 Y1DZ--36C261-28-AP-0022 | 612-27-1-6009-0001 | Construct Modular	VETERANS AFFAIRS, DEPARTMENT OF	2026-10-21	236220	SDVOSBC	CA	French Camp	o
51eb428cd0264a04a2133409b899d06a	Souda Bay Job Order Contract	DEPT OF DEFENSE	2026-10-14	236220	NONE		Chania	p
53795ae30c3c415bb926df031e04b94f	USACE SPK DBB Construction - LAR C3B South - Sacramento, CA	DEPT OF DEFENSE	2026-10-19	237990	SBA	CA	Sacramento	p
54483f8ea03145b9849f0fbee6fef5aa	WA NP OLYM 12(8), Hurricane Ridge Rockfall Mitigation MP 9.4	TRANSPORTATION, DEPARTMENT OF	2026-11-04	237310	SBA	WA		o
57738cbf0dea458e8e61771c13a35882	EAST CANAL EFFICIENCY IMPROVEMENTS	INTERIOR, DEPARTMENT OF THE	2026-11-20	237110	SBA			o
57ceab2afa6d451a95632e844d5645fa	GAOA Cordova Outhouse Replacement Chugach NF	AGRICULTURE, DEPARTMENT OF	2026-10-06	237990	SBA	AK	Cordova	o
58420728dbc4429fa83d66599758c0e4	National Enterprise Dredging Center Scope Dredge to Budget Shallow Draft	DEPT OF DEFENSE	2026-10-05	237990	SBA	TX		r
58ac093c4794430b88d68d95431e4fdb	KB Duct List	DEPT OF DEFENSE	2026-10-08	332322	SBA	OK		k
59a9564b2c5d49e7a3e5f0c6eea9ea45	VA STLHCS-JC Northeast Parking Structure Solicitation	DEPT OF DEFENSE	2026-10-08	236220	SDVOSBC	MO		o
606b64e8ebd443ab97e82ecb7c7d3635	GAOA Star Meadows MEP Repairs Utility Installations Flathead NF	AGRICULTURE, DEPARTMENT OF	2026-12-08	238220	SBA	MT	Whitefish	k
621ce63169874f5ca0681d9d9cb6da0e	Design-Build (DB) and Design-Bid-Build (DBB) Firm Fixed Price (FFP), Indefinite	DEPT OF DEFENSE	2026-10-20	236220	SBA			o
6409b3ce7f93443b86e524ae3c52f754	Y1DA | 521-24-102 | Renovate Wards 2K and 2B for Optometry/Ophthalmology Clinica	VETERANS AFFAIRS, DEPARTMENT OF	2026-10-12	236220	SDVOSBC	AL		p
6b159bfbb33a4b2f9fec2112dd628270	Guardrail Installation, Mansfield Hollow Lake, Mansfield, CT	DEPT OF DEFENSE		237310	SBA			p
6c2d23b38330448599d6e8e64b4e7715	Coastwide Beach and Dune Ecosystem Restoration	DEPT OF DEFENSE	2026-10-30	237990	8A	MS		o
6ca300e8194c4dc794640c369d577246	Aerospace Power Systems Laboratory (APSL) Facility	NATIONAL AERONAUTICS AND SPACE ADMINISTRATION	2026-10-30	236220	NONE	OH		o
6dffb2ceafa14cd4a0e418e3832d5f1c	Building 450 Fire Suppression System Installation	DEPT OF DEFENSE	2026-10-15	238220	NONE	IN	Grissom ARB	k
6e7ff5a8391b45adb457cfc98aa69222	AK NPS DENA 10(64), Re-pave Riley Creek Campground Roads	TRANSPORTATION, DEPARTMENT OF		237310	NONE	AK	Fairbanks	p
6fe9ebf7308c4c45abc2407f48e0028f	Y--Rehabilitation of Water and Wastewater System	INTERIOR, DEPARTMENT OF THE	2026-10-07	237110	SBA			o
70e2a7dcc3aa42cf93966f0eaab84953	Upgrade Water Tanks - FCI Texarkana, Tx	JUSTICE, DEPARTMENT OF	2026-10-13	237110	SBA	TX	Texarkana	k
74c80b0820d245be9731f8f27d23314b	Brooklyn Upgrade Life Safety/Critical Branch Electrical Construction - 630A4-16-	VETERANS AFFAIRS, DEPARTMENT OF	2026-10-30	238210	SBA	NY	Brooklyn	p
75a4b53694674aa3b689a7024717cc31	Z2DA--Repair & Replace Flooring in BLDG 10A	VETERANS AFFAIRS, DEPARTMENT OF	2026-10-23	238330	SBA	GA	Dublin	k
77305ced4b85490cb268041c3fb9d6a7	Design-Bid-Build (DBB) SOF Marine Raider Facilities Complex, Marine Corps Base (	DEPT OF DEFENSE	2026-10-15	236220	NONE	NC	Camp Lejeune	o
7732b732bff24d72949ed3b00540ec55	B. Everett Jordan Concrete Pad Installation	DEPT OF DEFENSE	2026-10-28	238110	SBA			o
77a1c56c6d4344c780880b63c79b542c	Alaska Construction Multiple Award Task Order Contract (MATOC)	DEPT OF DEFENSE	2026-10-13	236220	SBA			k
784bfcf3756f4303b69a593058cb15ab	Pharmacy Window	VETERANS AFFAIRS, DEPARTMENT OF	2026-10-16	238150	NONE	WA	Tacoma	r
7be16e4920904105bdead0ae954370a0	D.C. Metro Area Multiple Award Indefinite Quantity Indefinite Delivery (IDIQ) Co	GENERAL SERVICES ADMINISTRATION	2026-10-29	236220	SBA	DC	Washington	o
7c0816c1a44d4cefa01394c39af11cc9	LARO 258755 - Replace Dilapidated Docks and Fuel S	INTERIOR, DEPARTMENT OF THE	2026-11-10	237990	SBA			o
7ca400b907af4c40a6201caad1170e2d	Z--SAF FRSP GEOTHERMAL HVAC SJDS	INTERIOR, DEPARTMENT OF THE	2026-10-26	238220	SBA	VA	Woodford	o
8017030241ca445f932342aaaafee2ad	CO NP BLCA 10(1) South Rim Drive	TRANSPORTATION, DEPARTMENT OF	2026-10-08	237310	SBA	CO	Montrose	k
8085e2efe9ae45c393990ec29c21b65f	16292 Steam Boiler Replacement	DEPT OF DEFENSE	2026-10-19	238220	SBA	UT		k
8290c2fd806b40038dc1b77d4c0d3ba2	Bonneville Lock and Dam - Navigation Lock 1 Bridge Replacement	DEPT OF DEFENSE	2026-10-29	237310	SBA	OR	Cascade Locks	o
8323bbe78aa74155bbc165ffb2713d07	Quick Acting Watertight Scuttle	DEPT OF DEFENSE	2026-10-08	332321	SBA			k
844428b88df34dc59a9ef1aee90103ad	UNITED STATES COAST GUARD KETCHIKAN ALASKA NEW CARPET INSTALLATION	HOMELAND SECURITY, DEPARTMENT OF	2026-10-30	238330	NONE	AK	Ketchikan	k
8522769e61fa4b8e9ccca85a9f15254b	ND NP THRO 204(1) Buck Hill Road	TRANSPORTATION, DEPARTMENT OF	2026-11-03	237310	NONE	ND	Medora	o
8547acf2a09e48d6bdd91a274c1e7e9d	Protective Coating Maintenance IDIQ	DEPT OF DEFENSE	2026-10-29	238320	EDWOSB	TX		k
87bdb0f07801430e8bc7a58857652f5c	Raystown Lake Project in Pennsylvania-Equipment Rental with Operators	DEPT OF DEFENSE	2026-10-13	238910	SBA	PA		o
8ac9a14a03084b75a49104672465db19	CAS Education Heat Pump	AGRICULTURE, DEPARTMENT OF	2026-10-20	238220	SBA	AR	Ozark	k
8afb0c0f0c8a43ff80e72c2b5dfdffb2	Z2LZ--Design Build to Install Parking Shades and  Parking Lot Reconfiguration  P	VETERANS AFFAIRS, DEPARTMENT OF	2026-10-15	236220	SDVOSBC	NV		o
8e9df95608ee474fbbfd3a6ee5e0cb0c	2-STEP SEALED BID - TINKER AFB WWYK250019 Remove and Replace Fire Sprinkler in P	DEPT OF DEFENSE	2026-10-30	236220	SBA	OK		o
8ecfaf08af9a4693b9c0fea2d2336183	Pointe Mouillee Confined Disposal Facility Cells 1 and 2 Fill Management	DEPT OF DEFENSE	2026-10-20	237990	SBA			o
